episode,total_reward,login_success,visited_contact,steps,time_elapsed
1,5.0,0,1,100,2.3
2,4.5,0,1,110,2.5
3,4.0,0,1,120,2.6999999999999997
4,3.5,1,1,130,2.9
5,3.0,1,1,140,3.0999999999999996
